time_sec,roll,pitch,yaw,roll_des,pitch_des,yaw_des,gyro_x,gyro_y,gyro_z,accel_x,accel_y,accel_z,vbat,ibat,lat,lon,alt,motor_1,motor_2,motor_3,motor_4,flight_mode
0.0,-0.7778,2.4732,2.9331,0.0004,0.0,2.9331,,,,,,,,,,,,0.0,0.0,0.0,0.0,0
0.02,-0.7778,2.4732,2.9331,0.0004,0.0,2.9331,,,,,,,,,,,,0.0,0.0,0.0,0.0,0
0.04,-0.7778,2.4732,2.9331,0.0004,0.0,2.9331,,,,,,,,,,,,0.0,0.0,0.0,0.0,0
0.06,-0.7778,2.4732,2.9331,0.0004,0.0,2.9331,,,,,,,,,,,,0.0,0.0,0.0,0.0,0
0.08,-0.7778,2.4732,2.9331,0.0004,0.0,2.9331,,,,,,,,,,,,0.0,0.0,0.0,0.0,0
0.1,-0.7796,2.4825,2.9202,0.0004,0.0,2.9202,,,,,,,,,,,,0.0,0.0,0.0,0.0,0
0.12,-0.7796,2.4825,2.9202,0.0004,0.0,2.9202,,,,,,,,,,,,0.0,0.0,0.0,0.0,0
0.14,-0.7796,2.4825,2.9202,0.0004,0.0,2.9202,,,,,,,,,,,,0.0,0.0,0.0,0.0,0
0.16,-0.7796,2.4825,2.9202,0.0004,0.0,2.9202,,,,,,,,,,,,0.0,0.0,0.0,0.0,0
0.18,-0.7796,2.4825,2.9202,0.0004,0.0,2.9202,,,,,,,,,,,,0.0,0.0,0.0,0.0,0
0.2,-0.7866,2.4983,2.9687,0.0003,0.0,2.9687,,,,,,,,,,,,0.0,0.0,0.0,0.0,0
0.22,-0.7866,2.4983,2.9687,0.0003,0.0,2.9687,,,,,,,,,,,,0.0,0.0,0.0,0.0,0
0.24,-0.7866,2.4983,2.9687,0.0003,0.0,2.9687,,,,,,,,,,,,0.0,0.0,0.0,0.0,0
0.26,-0.7866,2.4983,2.9687,0.0003,0.0,2.9687,,,,,,,,,,,,0.0,0.0,0.0,0.0,0
0.28,-0.7866,2.4983,2.9687,0.0003,0.0,2.9687,,,,,,,,,,,,0.0,0.0,0.0,0.0,0
0.3,-0.795,2.5054,3.0596,0.0003,0.0,3.0596,,,,,,,,,,,,0.0,0.0,0.0,0.0,0
0.32,-0.795,2.5054,3.0596,0.0003,0.0,3.0596,,,,,,,,,,,,0.0,0.0,0.0,0.0,0
0.34,-0.795,2.5054,3.0596,0.0003,0.0,3.0596,,,,,,,,,,,,0.0,0.0,0.0,0.0,0
0.36,-0.795,2.5054,3.0596,0.0003,0.0,3.0596,,,,,,,,,,,,0.0,0.0,0.0,0.0,0
0.38,-0.795,2.5054,3.0596,0.0003,0.0,3.0596,,,,,,,,,,,,0.0,0.0,0.0,0.0,0
0.4,-0.7982,2.5213,3.2355,0.0003,0.0,3.2355,,,,,,,,,,,,0.0,0.0,0.0,0.0,0
0.42,-0.7982,2.5213,3.2355,0.0003,0.0,3.2355,,,,,,,,,,,,0.0,0.0,0.0,0.0,0
0.44,-0.7982,2.5213,3.2355,0.0003,0.0,3.2355,,,,,,,,,,,,0.0,0.0,0.0,0.0,0
0.46,-0.7982,2.5213,3.2355,0.0003,0.0,3.2355,,,,,,,,,,,,0.0,0.0,0.0,0.0,0
0.48,-0.7982,2.5213,3.2355,0.0003,0.0,3.2355,,,,,,,,,,,,0.0,0.0,0.0,0.0,0
0.5,-0.8044,2.5291,3.377,0.0003,0.0,3.377,,,,,,,,,,,,0.0,0.0,0.0,0.0,0
0.52,-0.8044,2.5291,3.377,0.0003,0.0,3.377,,,,,,,,,,,,0.0,0.0,0.0,0.0,0
0.54,-0.8044,2.5291,3.377,0.0003,0.0,3.377,,,,,,,,,,,,0.0,0.0,0.0,0.0,0
0.56,-0.8044,2.5291,3.377,0.0003,0.0,3.377,,,,,,,,,,,,0.0,0.0,0.0,0.0,0
0.58,-0.8044,2.5291,3.377,0.0003,0.0,3.377,,,,,,,,,,,,0.0,0.0,0.0,0.0,0
0.6,-0.8128,2.5416,3.5518,0.0003,0.0,3.5518,,,,,,,,,,,,0.0,0.0,0.0,0.0,0
0.62,-0.8128,2.5416,3.5518,0.0003,0.0,3.5518,,,,,,,,,,,,0.0,0.0,0.0,0.0,0
0.64,-0.8128,2.5416,3.5518,0.0003,0.0,3.5518,,,,,,,,,,,,0.0,0.0,0.0,0.0,0
0.66,-0.8128,2.5416,3.5518,0.0003,0.0,3.5518,,,,,,,,,,,,0.0,0.0,0.0,0.0,0
0.68,-0.8128,2.5416,3.5518,0.0003,0.0,3.5518,,,,,,,,,,,,0.0,0.0,0.0,0.0,0
0.7,-0.8201,2.55,3.6873,0.0003,0.0,3.6873,,,,,,,,,,,,0.0,0.0,0.0,0.0,0
0.72,-0.8201,2.55,3.6873,0.0003,0.0,3.6873,,,,,,,,,,,,0.0,0.0,0.0,0.0,0
0.74,-0.8201,2.55,3.6873,0.0003,0.0,3.6873,,,,,,,,,,,,0.0,0.0,0.0,0.0,0
0.76,-0.8201,2.55,3.6873,0.0003,0.0,3.6873,,,,,,,,,,,,0.0,0.0,0.0,0.0,0
0.78,-0.8201,2.55,3.6873,0.0003,0.0,3.6873,,,,,,,,,,,,0.0,0.0,0.0,0.0,0
0.8,-0.8238,2.564,3.8507,0.0003,0.0,3.8507,,,,,,,,,,,,0.0,0.0,0.0,0.0,0
0.82,-0.8238,2.564,3.8507,0.0003,0.0,3.8507,,,,,,,,,,,,0.0,0.0,0.0,0.0,0
0.84,-0.8238,2.564,3.8507,0.0003,0.0,3.8507,,,,,,,,,,,,0.0,0.0,0.0,0.0,0
0.86,-0.8238,2.564,3.8507,0.0003,0.0,3.8507,,,,,,,,,,,,0.0,0.0,0.0,0.0,0
0.88,-0.8238,2.564,3.8507,0.0003,0.0,3.8507,,,,,,,,,,,,0.0,0.0,0.0,0.0,0
0.9,-0.8298,2.5686,3.9681,0.0003,0.0,3.9681,,,,,,,,,,,,0.0,0.0,0.0,0.0,0
0.92,-0.8298,2.5686,3.9681,0.0003,0.0,3.9681,,,,,,,,,,,,0.0,0.0,0.0,0.0,0
0.94,-0.8298,2.5686,3.9681,0.0003,0.0,3.9681,,,,,,,,,,,,0.0,0.0,0.0,0.0,0
0.96,-0.8298,2.5686,3.9681,0.0003,0.0,3.9681,,,,,,,,,,,,0.0,0.0,0.0,0.0,0
0.98,-0.8298,2.5686,3.9681,0.0003,0.0,3.9681,,,,,,,,,,,,0.0,0.0,0.0,0.0,0
1.0,-0.8376,2.5858,4.1159,0.0003,0.0,4.1159,,,,,,,,,,,,0.0,0.0,0.0,0.0,0
1.02,-0.8376,2.5858,4.1159,0.0003,0.0,4.1159,,,,,,,,,,,,0.0,0.0,0.0,0.0,0
1.04,-0.8376,2.5858,4.1159,0.0003,0.0,4.1159,,,,,,,,,,,,0.0,0.0,0.0,0.0,0
1.06,-0.8376,2.5858,4.1159,0.0003,0.0,4.1159,,,,,,,,,,,,0.0,0.0,0.0,0.0,0
1.08,-0.8376,2.5858,4.1159,0.0003,0.0,4.1159,,,,,,,,,,,,0.0,0.0,0.0,0.0,0
1.1,-0.8445,2.5931,4.2321,0.0003,0.0,4.2321,,,,,,,,,,,,0.0,0.0,0.0,0.0,0
1.12,-0.8445,2.5931,4.2321,0.0003,0.0,4.2321,,,,,,,,,,,,0.0,0.0,0.0,0.0,0
1.14,-0.8445,2.5931,4.2321,0.0003,0.0,4.2321,,,,,,,,,,,,0.0,0.0,0.0,0.0,0
1.16,-0.8445,2.5931,4.2321,0.0003,0.0,4.2321,,,,,,,,,,,,0.0,0.0,0.0,0.0,0
1.18,-0.8445,2.5931,4.2321,0.0003,0.0,4.2321,,,,,,,,,,,,0.0,0.0,0.0,0.0,0
1.2,-0.8483,2.6043,4.3802,0.0003,0.0,4.3802,,,,,,,,,,,,0.0,0.0,0.0,0.0,0
1.22,-0.8483,2.6043,4.3802,0.0003,0.0,4.3802,,,,,,,,,,,,0.0,0.0,0.0,0.0,0
1.24,-0.8483,2.6043,4.3802,0.0003,0.0,4.3802,,,,,,,,,,,,0.0,0.0,0.0,0.0,0
1.26,-0.8483,2.6043,4.3802,0.0003,0.0,4.3802,,,,,,,,,,,,0.0,0.0,0.0,0.0,0
1.28,-0.8483,2.6043,4.3802,0.0003,0.0,4.3802,,,,,,,,,,,,0.0,0.0,0.0,0.0,0
1.3,-0.8563,2.6102,4.4907,0.0003,0.0,4.4907,,,,,,,,,,,,0.0,0.0,0.0,0.0,0
1.32,-0.8563,2.6102,4.4907,0.0003,0.0,4.4907,,,,,,,,,,,,0.0,0.0,0.0,0.0,0
1.34,-0.8563,2.6102,4.4907,0.0003,0.0,4.4907,,,,,,,,,,,,0.0,0.0,0.0,0.0,0
1.36,-0.8563,2.6102,4.4907,0.0003,0.0,4.4907,,,,,,,,,,,,0.0,0.0,0.0,0.0,0
1.38,-0.8563,2.6102,4.4907,0.0003,0.0,4.4907,,,,,,,,,,,,0.0,0.0,0.0,0.0,0
1.4,-0.8594,2.6205,4.624,0.0003,0.0,4.624,,,,,,,,,,,,0.0,0.0,0.0,0.0,0
1.42,-0.8594,2.6205,4.624,0.0003,0.0,4.624,,,,,,,,,,,,0.0,0.0,0.0,0.0,0
1.44,-0.8594,2.6205,4.624,0.0003,0.0,4.624,,,,,,,,,,,,0.0,0.0,0.0,0.0,0
1.46,-0.8594,2.6205,4.624,0.0003,0.0,4.624,,,,,,,,,,,,0.0,0.0,0.0,0.0,0
1.48,-0.8594,2.6205,4.624,0.0003,0.0,4.624,,,,,,,,,,,,0.0,0.0,0.0,0.0,0
1.5,-0.8687,2.6309,4.7194,0.0003,0.0,4.7194,,,,,,,,,,,,0.0,0.0,0.0,0.0,0
1.52,-0.8687,2.6309,4.7194,0.0003,0.0,4.7194,,,,,,,,,,,,0.0,0.0,0.0,0.0,0
1.54,-0.8687,2.6309,4.7194,0.0003,0.0,4.7194,,,,,,,,,,,,0.0,0.0,0.0,0.0,0
1.56,-0.8687,2.6309,4.7194,0.0003,0.0,4.7194,,,,,,,,,,,,0.0,0.0,0.0,0.0,0
1.58,-0.8687,2.6309,4.7194,0.0003,0.0,4.7194,,,,,,,,,,,,0.0,0.0,0.0,0.0,0
1.6,-0.8721,2.6396,4.8469,0.0003,0.0,4.8469,,,,,,,,,,,,0.0,0.0,0.0,0.0,0
1.62,-0.8721,2.6396,4.8469,0.0003,0.0,4.8469,,,,,,,,,,,,0.0,0.0,0.0,0.0,0
1.64,-0.8721,2.6396,4.8469,0.0003,0.0,4.8469,,,,,,,,,,,,0.0,0.0,0.0,0.0,0
1.66,-0.8721,2.6396,4.8469,0.0003,0.0,4.8469,,,,,,,,,,,,0.0,0.0,0.0,0.0,0
1.68,-0.8721,2.6396,4.8469,0.0003,0.0,4.8469,,,,,,,,,,,,0.0,0.0,0.0,0.0,0
1.7,-0.8814,2.6477,4.9284,0.0003,0.0,4.9284,,,,,,,,,,,,0.0,0.0,0.0,0.0,0
1.72,-0.8814,2.6477,4.9284,0.0003,0.0,4.9284,,,,,,,,,,,,0.0,0.0,0.0,0.0,0
1.74,-0.8814,2.6477,4.9284,0.0003,0.0,4.9284,,,,,,,,,,,,0.0,0.0,0.0,0.0,0
1.76,-0.8814,2.6477,4.9284,0.0003,0.0,4.9284,,,,,,,,,,,,0.0,0.0,0.0,0.0,0
1.78,-0.8814,2.6477,4.9284,0.0003,0.0,4.9284,,,,,,,,,,,,0.0,0.0,0.0,0.0,0
1.8,-0.8863,2.6575,5.0562,0.0003,0.0,5.0562,,,,,,,,,,,,0.0,0.0,0.0,0.0,0
1.82,-0.8863,2.6575,5.0562,0.0003,0.0,5.0562,,,,,,,,,,,,0.0,0.0,0.0,0.0,0
1.84,-0.8863,2.6575,5.0562,0.0003,0.0,5.0562,,,,,,,,,,,,0.0,0.0,0.0,0.0,0
1.86,-0.8863,2.6575,5.0562,0.0003,0.0,5.0562,,,,,,,,,,,,0.0,0.0,0.0,0.0,0
1.88,-0.8863,2.6575,5.0562,0.0003,0.0,5.0562,,,,,,,,,,,,0.0,0.0,0.0,0.0,0
1.9,-0.8931,2.6678,5.1451,0.0003,0.0,5.1451,,,,,,,,,,,,0.0,0.0,0.0,0.0,0
1.92,-0.8931,2.6678,5.1451,0.0003,0.0,5.1451,,,,,,,,,,,,0.0,0.0,0.0,0.0,0
1.94,-0.8931,2.6678,5.1451,0.0003,0.0,5.1451,,,,,,,,,,,,0.0,0.0,0.0,0.0,0
1.96,-0.8931,2.6678,5.1451,0.0003,0.0,5.1451,,,,,,,,,,,,0.0,0.0,0.0,0.0,0
1.98,-0.8931,2.6678,5.1451,0.0003,0.0,5.1451,,,,,,,,,,,,0.0,0.0,0.0,0.0,0
2.0,-0.8988,2.6792,5.2595,0.0003,0.0,5.2595,,,,,,,,,,,,0.0,0.0,0.0,0.0,0
2.02,-0.8988,2.6792,5.2595,0.0003,0.0,5.2595,,,,,,,,,,,,0.0,0.0,0.0,0.0,0
2.04,-0.8988,2.6792,5.2595,0.0003,0.0,5.2595,,,,,,,,,,,,0.0,0.0,0.0,0.0,0
2.06,-0.8988,2.6792,5.2595,0.0003,0.0,5.2595,,,,,,,,,,,,0.0,0.0,0.0,0.0,0
2.08,-0.8988,2.6792,5.2595,0.0003,0.0,5.2595,,,,,,,,,,,,0.0,0.0,0.0,0.0,0
2.1,-0.9073,2.6843,5.3365,0.0003,0.0,5.3365,,,,,,,,,,,,0.0,0.0,0.0,0.0,0
2.12,-0.9073,2.6843,5.3365,0.0003,0.0,5.3365,,,,,,,,,,,,0.03,0.03,0.03,0.03,0
2.14,-0.9073,2.6843,5.3365,0.0003,0.0,5.3365,,,,,,,,,,,,0.03,0.03,0.03,0.03,0
2.16,-0.9073,2.6843,5.3365,0.0003,0.0,5.3365,,,,,,,,,,,,0.03,0.03,0.03,0.03,0
2.18,-0.9073,2.6843,5.3365,0.0003,0.0,5.3365,,,,,,,,,,,,0.03,0.03,0.03,0.03,0
2.2,-0.9088,2.6865,5.4244,0.0003,0.0,5.4244,,,,,,,,,,,,0.03,0.03,0.03,0.03,0
2.22,-0.9088,2.6865,5.4244,0.0003,0.0,5.4244,,,,,,,,,,,,0.06,0.06,0.06,0.06,0
2.24,-0.9088,2.6865,5.4244,0.0003,0.0,5.4244,,,,,,,,,,,,0.06,0.06,0.06,0.06,0
2.26,-0.9088,2.6865,5.4244,0.0003,0.0,5.4244,,,,,,,,,,,,0.06,0.06,0.06,0.06,0
2.28,-0.9088,2.6865,5.4244,0.0003,0.0,5.4244,,,,,,,,,,,,0.06,0.06,0.06,0.06,0
2.3,-0.9178,2.6911,5.5355,0.0003,0.0,5.5355,,,,,,,,,,,,0.06,0.06,0.06,0.06,0
2.32,-0.9178,2.6911,5.5355,0.0003,0.0,5.5355,,,,,,,,,,,,0.09,0.09,0.09,0.09,0
2.34,-0.9178,2.6911,5.5355,0.0003,0.0,5.5355,,,,,,,,,,,,0.09,0.09,0.09,0.09,0
2.36,-0.9178,2.6911,5.5355,0.0003,0.0,5.5355,,,,,,,,,,,,0.09,0.09,0.09,0.09,0
2.38,-0.9178,2.6911,5.5355,0.0003,0.0,5.5355,,,,,,,,,,,,0.09,0.09,0.09,0.09,0
2.4,-0.9308,2.7085,5.6921,0.0003,0.0,5.6921,,,,,,,,,,,,0.09,0.09,0.09,0.09,0
2.42,-0.9308,2.7085,5.6921,0.0003,0.0,5.6921,,,,,,,,,,,,0.12,0.12,0.12,0.12,0
2.44,-0.9308,2.7085,5.6921,0.0003,0.0,5.6921,,,,,,,,,,,,0.12,0.12,0.12,0.12,0
2.46,-0.9308,2.7085,5.6921,0.0003,0.0,5.6921,,,,,,,,,,,,0.12,0.12,0.12,0.12,0
2.48,-0.9308,2.7085,5.6921,0.0003,0.0,5.6921,,,,,,,,,,,,0.12,0.12,0.12,0.12,0
2.5,-0.9397,2.6806,5.513,0.0003,0.0,5.5135,,,,,,,,,,,,0.12,0.12,0.12,0.12,0
2.52,-0.9397,2.6806,5.513,0.0003,0.0,5.5135,,,,,,,,,,,,0.15,0.15,0.15,0.15,0
2.54,-0.9397,2.6806,5.513,0.0003,0.0,5.5135,,,,,,,,,,,,0.15,0.15,0.15,0.15,0
2.56,-0.9397,2.6806,5.513,0.0003,0.0,5.5135,,,,,,,,,,,,0.15,0.15,0.15,0.15,0
2.58,-0.9397,2.6806,5.513,0.0003,0.0,5.5135,,,,,,,,,,,,0.15,0.15,0.15,0.15,0
2.6,-0.9548,2.6746,5.5212,0.0003,0.0,5.5135,,,,,,,,,,,,0.15,0.15,0.15,0.15,0
2.62,-0.9548,2.6746,5.5212,0.0003,0.0,5.5135,,,,,,,,,,,,0.15,0.176,0.239,0.231,0
2.64,-0.9548,2.6746,5.5212,0.0003,0.0,5.5135,,,,,,,,,,,,0.15,0.176,0.239,0.231,0
2.66,-0.9548,2.6746,5.5212,0.0003,0.0,5.5135,,,,,,,,,,,,0.15,0.176,0.239,0.231,0
2.68,-0.9548,2.6746,5.5212,0.0003,0.0,5.5135,,,,,,,,,,,,0.15,0.176,0.239,0.231,0
2.7,-0.9561,2.6456,5.2731,0.0003,0.0,5.5135,,,,,,,,,,,,0.15,0.176,0.239,0.231,0
2.72,-0.9561,2.6456,5.2731,0.0003,0.0,5.5135,,,,,,,,,,,,0.159,0.172,0.25,0.227,0
2.74,-0.9561,2.6456,5.2731,0.0003,0.0,5.5135,,,,,,,,,,,,0.159,0.172,0.25,0.227,0
2.76,-0.9561,2.6456,5.2731,0.0003,0.0,5.5135,,,,,,,,,,,,0.159,0.172,0.25,0.227,0
2.78,-0.9561,2.6456,5.2731,0.0003,0.0,5.5135,,,,,,,,,,,,0.159,0.172,0.25,0.227,0
2.8,-0.9707,2.6573,5.3186,0.0003,0.0,5.5135,,,,,,,,,,,,0.159,0.172,0.25,0.227,0
2.82,-0.9707,2.6573,5.3186,0.0003,0.0,5.5135,,,,,,,,,,,,0.15,0.183,0.249,0.231,0
2.84,-0.9707,2.6573,5.3186,0.0003,0.0,5.5135,,,,,,,,,,,,0.15,0.183,0.249,0.231,0
2.86,-0.9707,2.6573,5.3186,0.0003,0.0,5.5135,,,,,,,,,,,,0.15,0.183,0.249,0.231,0
2.88,-0.9707,2.6573,5.3186,0.0003,0.0,5.5135,,,,,,,,,,,,0.15,0.183,0.249,0.231,0
2.9,-0.9739,2.631,5.1453,0.0003,0.0,5.5135,,,,,,,,,,,,0.15,0.183,0.249,0.231,0
2.92,-0.9739,2.631,5.1453,0.0003,0.0,5.5135,,,,,,,,,,,,0.162,0.186,0.272,0.237,0
2.94,-0.9739,2.631,5.1453,0.0003,0.0,5.5135,,,,,,,,,,,,0.162,0.186,0.272,0.237,0
2.96,-0.9739,2.631,5.1453,0.0003,0.0,5.5135,,,,,,,,,,,,0.162,0.186,0.272,0.237,0
2.98,-0.9739,2.631,5.1453,0.0003,0.0,5.5135,,,,,,,,,,,,0.162,0.186,0.272,0.237,0
3.0,-0.9679,2.6449,5.1898,0.0003,0.0,5.5135,,,,,,,,,,,,0.162,0.186,0.272,0.237,0
3.02,-0.9679,2.6449,5.1898,0.0003,0.0,5.5135,,,,,,,,,,,,0.152,0.194,0.271,0.236,0
3.04,-0.9679,2.6449,5.1898,0.0003,0.0,5.5135,,,,,,,,,,,,0.152,0.194,0.271,0.236,0
3.06,-0.9679,2.6449,5.1898,0.0003,0.0,5.5135,,,,,,,,,,,,0.152,0.194,0.271,0.236,0
3.08,-0.9679,2.6449,5.1898,0.0003,0.0,5.5135,,,,,,,,,,,,0.152,0.194,0.271,0.236,0
3.1,-0.9843,2.6161,5.0093,0.0003,0.0,5.5135,,,,,,,,,,,,0.152,0.194,0.271,0.236,0
3.12,-0.9843,2.6161,5.0093,0.0003,0.0,5.5135,,,,,,,,,,,,0.164,0.188,0.276,0.238,0
3.14,-0.9843,2.6161,5.0093,0.0003,0.0,5.5135,,,,,,,,,,,,0.164,0.188,0.276,0.238,0
3.16,-0.9843,2.6161,5.0093,0.0003,0.0,5.5135,,,,,,,,,,,,0.164,0.188,0.276,0.238,0
3.18,-0.9843,2.6161,5.0093,0.0003,0.0,5.5135,,,,,,,,,,,,0.164,0.188,0.276,0.238,0
3.2,-0.9844,2.6554,4.9296,0.0003,0.0,5.5135,,,,,,,,,,,,0.164,0.188,0.276,0.238,0
3.22,-0.9844,2.6554,4.9296,0.0003,0.0,5.5135,,,,,,,,,,,,0.161,0.191,0.286,0.249,0
3.24,-0.9844,2.6554,4.9296,0.0003,0.0,5.5135,,,,,,,,,,,,0.161,0.191,0.286,0.249,0
3.26,-0.9844,2.6554,4.9296,0.0003,0.0,5.5135,,,,,,,,,,,,0.161,0.191,0.286,0.249,0
3.28,-0.9844,2.6554,4.9296,0.0003,0.0,5.5135,,,,,,,,,,,,0.161,0.191,0.286,0.249,0
3.3,-0.9817,2.6381,4.6972,0.0003,0.0,5.5135,,,,,,,,,,,,0.161,0.191,0.286,0.249,0
3.32,-0.9817,2.6381,4.6972,0.0003,0.0,5.5135,,,,,,,,,,,,0.172,0.186,0.288,0.247,0
3.34,-0.9817,2.6381,4.6972,0.0003,0.0,5.5135,,,,,,,,,,,,0.172,0.186,0.288,0.247,0
3.36,-0.9817,2.6381,4.6972,0.0003,0.0,5.5135,,,,,,,,,,,,0.172,0.186,0.288,0.247,0
3.38,-0.9817,2.6381,4.6972,0.0003,0.0,5.5135,,,,,,,,,,,,0.172,0.186,0.288,0.247,0
3.4,-0.9807,2.6394,4.6215,0.0003,0.0,5.5135,,,,,,,,,,,,0.172,0.186,0.288,0.247,0
3.42,-0.9807,2.6394,4.6215,0.0003,0.0,5.5135,,,,,,,,,,,,0.17,0.19,0.288,0.246,0
3.44,-0.9807,2.6394,4.6215,0.0003,0.0,5.5135,,,,,,,,,,,,0.17,0.19,0.288,0.246,0
3.46,-0.9807,2.6394,4.6215,0.0003,0.0,5.5135,,,,,,,,,,,,0.17,0.19,0.288,0.246,0
3.48,-0.9807,2.6394,4.6215,0.0003,0.0,5.5135,,,,,,,,,,,,0.17,0.19,0.288,0.246,0
3.5,-1.0115,2.6269,4.3864,0.0003,0.0,5.5135,,,,,,,,,,,,0.17,0.19,0.288,0.246,0
3.52,-1.0115,2.6269,4.3864,0.0003,0.0,5.5135,,,,,,,,,,,,0.159,0.164,0.197,0.176,0
3.54,-1.0115,2.6269,4.3864,0.0003,0.0,5.5135,,,,,,,,,,,,0.159,0.164,0.197,0.176,0
3.56,-1.0115,2.6269,4.3864,0.0003,0.0,5.5135,,,,,,,,,,,,0.159,0.164,0.197,0.176,0
3.58,-1.0115,2.6269,4.3864,0.0003,0.0,5.5135,,,,,,,,,,,,0.159,0.164,0.197,0.176,0
3.6,-0.9934,2.6351,4.3121,0.0003,0.0,4.3323,,,,,,,,,,,,0.159,0.164,0.197,0.176,0
3.62,-0.9934,2.6351,4.3121,0.0003,0.0,4.3323,,,,,,,,,,,,0.21,0.236,0.301,0.274,0
3.64,-0.9934,2.6351,4.3121,0.0003,0.0,4.3323,,,,,,,,,,,,0.21,0.236,0.301,0.274,0
3.66,-0.9934,2.6351,4.3121,0.0003,0.0,4.3323,,,,,,,,,,,,0.21,0.236,0.301,0.274,0
3.68,-0.9934,2.6351,4.3121,0.0003,0.0,4.3323,,,,,,,,,,,,0.21,0.236,0.301,0.274,0
3.7,-1.0056,2.6229,4.1204,0.0003,0.0,4.3323,,,,,,,,,,,,0.21,0.236,0.301,0.274,0
3.72,-1.0056,2.6229,4.1204,0.0003,0.0,4.3323,,,,,,,,,,,,0.194,0.228,0.31,0.276,0
3.74,-1.0056,2.6229,4.1204,0.0003,0.0,4.3323,,,,,,,,,,,,0.194,0.228,0.31,0.276,0
3.76,-1.0056,2.6229,4.1204,0.0003,0.0,4.3323,,,,,,,,,,,,0.194,0.228,0.31,0.276,0
3.78,-1.0056,2.6229,4.1204,0.0003,0.0,4.3323,,,,,,,,,,,,0.194,0.228,0.31,0.276,0
3.8,-1.0115,2.6331,4.0138,0.0003,0.0,4.3323,,,,,,,,,,,,0.194,0.228,0.31,0.276,0
3.82,-1.0115,2.6331,4.0138,0.0003,0.0,4.3323,,,,,,,,,,,,0.199,0.235,0.306,0.27,0
3.84,-1.0115,2.6331,4.0138,0.0003,0.0,4.3323,,,,,,,,,,,,0.199,0.235,0.306,0.27,0
3.86,-1.0115,2.6331,4.0138,0.0003,0.0,4.3323,,,,,,,,,,,,0.199,0.235,0.306,0.27,0
3.88,-1.0115,2.6331,4.0138,0.0003,0.0,4.3323,,,,,,,,,,,,0.199,0.235,0.306,0.27,0
3.9,-1.0391,2.6029,3.7978,0.0003,0.0,4.3297,,,,,,,,,,,,0.199,0.235,0.306,0.27,0
3.92,-1.0391,2.6029,3.7978,0.0003,0.0,4.3297,,,,,,,,,,,,0.165,0.198,0.287,0.241,0
3.94,-1.0391,2.6029,3.7978,0.0003,0.0,4.3297,,,,,,,,,,,,0.165,0.198,0.287,0.241,0
3.96,-1.0391,2.6029,3.7978,0.0003,0.0,4.3297,,,,,,,,,,,,0.165,0.198,0.287,0.241,0
3.98,-1.0391,2.6029,3.7978,0.0003,0.0,4.3297,,,,,,,,,,,,0.165,0.198,0.287,0.241,0
4.0,-1.025,2.5937,3.6543,0.0003,0.0,4.3297,,,,,,,,,,,,0.165,0.198,0.287,0.241,0
4.02,-1.025,2.5937,3.6543,0.0003,0.0,4.3297,,,,,,,,,,,,0.166,0.193,0.288,0.246,0
4.04,-1.025,2.5937,3.6543,0.0003,0.0,4.3297,,,,,,,,,,,,0.166,0.193,0.288,0.246,0
4.06,-1.025,2.5937,3.6543,0.0003,0.0,4.3297,,,,,,,,,,,,0.166,0.193,0.288,0.246,0
4.08,-1.025,2.5937,3.6543,0.0003,0.0,4.3297,,,,,,,,,,,,0.166,0.193,0.288,0.246,0
4.1,-1.0347,2.6363,3.5344,0.0002,0.0,4.4579,,,,,,,,,,,,0.166,0.193,0.288,0.246,0
4.12,-1.0347,2.6363,3.5344,0.0002,0.0,4.4579,,,,,,,,,,,,0.177,0.184,0.288,0.245,0
4.14,-1.0347,2.6363,3.5344,0.0002,0.0,4.4579,,,,,,,,,,,,0.177,0.184,0.288,0.245,0
4.16,-1.0347,2.6363,3.5344,0.0002,0.0,4.4579,,,,,,,,,,,,0.177,0.184,0.288,0.245,0
4.18,-1.0347,2.6363,3.5344,0.0002,0.0,4.4579,,,,,,,,,,,,0.177,0.184,0.288,0.245,0
4.2,-1.0445,2.6295,3.4317,0.0001,0.0,6.225,,,,,,,,,,,,0.177,0.184,0.288,0.245,0
4.22,-1.0445,2.6295,3.4317,0.0001,0.0,6.225,,,,,,,,,,,,0.224,0.172,0.288,0.212,0
4.24,-1.0445,2.6295,3.4317,0.0001,0.0,6.225,,,,,,,,,,,,0.224,0.172,0.288,0.212,0
4.26,-1.0445,2.6295,3.4317,0.0001,0.0,6.225,,,,,,,,,,,,0.224,0.172,0.288,0.212,0
4.28,-1.0445,2.6295,3.4317,0.0001,0.0,6.225,,,,,,,,,,,,0.224,0.172,0.288,0.212,0
4.3,-1.0522,2.6386,3.3666,0.0001,0.0,8.6818,,,,,,,,,,,,0.224,0.172,0.288,0.212,0
4.32,-1.0522,2.6386,3.3666,0.0001,0.0,8.6818,,,,,,,,,,,,0.243,0.17,0.288,0.194,0
4.34,-1.0522,2.6386,3.3666,0.0001,0.0,8.6818,,,,,,,,,,,,0.243,0.17,0.288,0.194,0
4.36,-1.0522,2.6386,3.3666,0.0001,0.0,8.6818,,,,,,,,,,,,0.243,0.17,0.288,0.194,0
4.38,-1.0522,2.6386,3.3666,0.0001,0.0,8.6818,,,,,,,,,,,,0.243,0.17,0.288,0.194,0
4.4,-1.0729,2.6516,3.187,0.0,0.0,3.187,,,,,,,,,,,,0.243,0.17,0.288,0.194,0
4.42,-1.0729,2.6516,3.187,0.0,0.0,3.187,,,,,,,,,,,,0.0,0.0,0.0,0.0,0
4.44,-1.0729,2.6516,3.187,0.0,0.0,3.187,,,,,,,,,,,,0.0,0.0,0.0,0.0,0
4.46,-1.0729,2.6516,3.187,0.0,0.0,3.187,,,,,,,,,,,,0.0,0.0,0.0,0.0,0
4.48,-1.0729,2.6516,3.187,0.0,0.0,3.187,,,,,,,,,,,,0.0,0.0,0.0,0.0,0
4.5,-1.0344,2.6198,2.9383,0.0,0.0,2.9383,,,,,,,,,,,,0.0,0.0,0.0,0.0,0
4.52,-1.0344,2.6198,2.9383,0.0,0.0,2.9383,,,,,,,,,,,,0.0,0.0,0.0,0.0,0
4.54,-1.0344,2.6198,2.9383,0.0,0.0,2.9383,,,,,,,,,,,,0.0,0.0,0.0,0.0,0
4.56,-1.0344,2.6198,2.9383,0.0,0.0,2.9383,,,,,,,,,,,,0.0,0.0,0.0,0.0,0
4.58,-1.0344,2.6198,2.9383,0.0,0.0,2.9383,,,,,,,,,,,,0.0,0.0,0.0,0.0,0
4.6,-0.9739,2.5714,2.9572,0.0,0.0,2.9572,,,,,,,,,,,,0.0,0.0,0.0,0.0,0
4.62,-0.9739,2.5714,2.9572,0.0,0.0,2.9572,,,,,,,,,,,,0.0,0.0,0.0,0.0,0
4.64,-0.9739,2.5714,2.9572,0.0,0.0,2.9572,,,,,,,,,,,,0.0,0.0,0.0,0.0,0
4.66,-0.9739,2.5714,2.9572,0.0,0.0,2.9572,,,,,,,,,,,,0.0,0.0,0.0,0.0,0
4.68,-0.9739,2.5714,2.9572,0.0,0.0,2.9572,,,,,,,,,,,,0.0,0.0,0.0,0.0,0
4.7,-0.9567,2.5402,3.0434,0.0,0.0,3.0434,,,,,,,,,,,,0.0,0.0,0.0,0.0,0
4.72,-0.9567,2.5402,3.0434,0.0,0.0,3.0434,,,,,,,,,,,,0.0,0.0,0.0,0.0,0
4.74,-0.9567,2.5402,3.0434,0.0,0.0,3.0434,,,,,,,,,,,,0.0,0.0,0.0,0.0,0
4.76,-0.9567,2.5402,3.0434,0.0,0.0,3.0434,,,,,,,,,,,,0.0,0.0,0.0,0.0,0
4.78,-0.9567,2.5402,3.0434,0.0,0.0,3.0434,,,,,,,,,,,,0.0,0.0,0.0,0.0,0
4.8,-0.9576,2.5435,3.3007,0.0,0.0,3.3007,,,,,,,,,,,,0.0,0.0,0.0,0.0,0
4.82,-0.9576,2.5435,3.3007,0.0,0.0,3.3007,,,,,,,,,,,,0.0,0.0,0.0,0.0,0
4.84,-0.9576,2.5435,3.3007,0.0,0.0,3.3007,,,,,,,,,,,,0.0,0.0,0.0,0.0,0
4.86,-0.9576,2.5435,3.3007,0.0,0.0,3.3007,,,,,,,,,,,,0.0,0.0,0.0,0.0,0
4.88,-0.9576,2.5435,3.3007,0.0,0.0,3.3007,,,,,,,,,,,,0.0,0.0,0.0,0.0,0
4.9,-0.9584,2.5535,3.4496,0.0,0.0,3.4496,,,,,,,,,,,,0.0,0.0,0.0,0.0,0
4.92,-0.9584,2.5535,3.4496,0.0,0.0,3.4496,,,,,,,,,,,,0.0,0.0,0.0,0.0,0
4.94,-0.9584,2.5535,3.4496,0.0,0.0,3.4496,,,,,,,,,,,,0.0,0.0,0.0,0.0,0
4.96,-0.9584,2.5535,3.4496,0.0,0.0,3.4496,,,,,,,,,,,,0.0,0.0,0.0,0.0,0
4.98,-0.9584,2.5535,3.4496,0.0,0.0,3.4496,,,,,,,,,,,,0.0,0.0,0.0,0.0,0
5.0,-0.9645,2.5641,3.5196,0.0,0.0,3.5196,,,,,,,,,,,,0.0,0.0,0.0,0.0,0
5.02,-0.9645,2.5641,3.5196,0.0,0.0,3.5196,,,,,,,,,,,,0.0,0.0,0.0,0.0,0
5.04,-0.9645,2.5641,3.5196,0.0,0.0,3.5196,,,,,,,,,,,,0.0,0.0,0.0,0.0,0
5.06,-0.9645,2.5641,3.5196,0.0,0.0,3.5196,,,,,,,,,,,,0.0,0.0,0.0,0.0,0
5.08,-0.9645,2.5641,3.5196,0.0,0.0,3.5196,,,,,,,,,,,,0.0,0.0,0.0,0.0,0
5.1,-0.9652,2.568,3.5147,0.0,0.0,3.5147,,,,,,,,,,,,0.0,0.0,0.0,0.0,0
5.12,-0.9652,2.568,3.5147,0.0,0.0,3.5147,,,,,,,,,,,,0.0,0.0,0.0,0.0,0
5.14,-0.9652,2.568,3.5147,0.0,0.0,3.5147,,,,,,,,,,,,0.0,0.0,0.0,0.0,0
5.16,-0.9652,2.568,3.5147,0.0,0.0,3.5147,,,,,,,,,,,,0.0,0.0,0.0,0.0,0
5.18,-0.9652,2.568,3.5147,0.0,0.0,3.5147,,,,,,,,,,,,0.0,0.0,0.0,0.0,0
5.2,-0.9644,2.5692,3.4848,0.0,0.0,3.4848,,,,,,,,,,,,0.0,0.0,0.0,0.0,0
5.22,-0.9644,2.5692,3.4848,0.0,0.0,3.4848,,,,,,,,,,,,0.0,0.0,0.0,0.0,0
5.24,-0.9644,2.5692,3.4848,0.0,0.0,3.4848,,,,,,,,,,,,0.0,0.0,0.0,0.0,0
5.26,-0.9644,2.5692,3.4848,0.0,0.0,3.4848,,,,,,,,,,,,0.0,0.0,0.0,0.0,0
5.28,-0.9644,2.5692,3.4848,0.0,0.0,3.4848,,,,,,,,,,,,0.0,0.0,0.0,0.0,0
5.3,-0.9564,2.5673,3.4914,0.0,0.0,3.4914,,,,,,,,,,,,0.0,0.0,0.0,0.0,0
5.32,-0.9564,2.5673,3.4914,0.0,0.0,3.4914,,,,,,,,,,,,0.0,0.0,0.0,0.0,0
5.34,-0.9564,2.5673,3.4914,0.0,0.0,3.4914,,,,,,,,,,,,0.0,0.0,0.0,0.0,0
5.36,-0.9564,2.5673,3.4914,0.0,0.0,3.4914,,,,,,,,,,,,0.0,0.0,0.0,0.0,0
5.38,-0.9564,2.5673,3.4914,0.0,0.0,3.4914,,,,,,,,,,,,0.0,0.0,0.0,0.0,0
5.4,-0.9475,2.5582,3.4631,0.0,0.0,3.4631,,,,,,,,,,,,0.0,0.0,0.0,0.0,0
5.42,-0.9475,2.5582,3.4631,0.0,0.0,3.4631,,,,,,,,,,,,0.0,0.0,0.0,0.0,0
5.44,-0.9475,2.5582,3.4631,0.0,0.0,3.4631,,,,,,,,,,,,0.0,0.0,0.0,0.0,0
5.46,-0.9475,2.5582,3.4631,0.0,0.0,3.4631,,,,,,,,,,,,0.0,0.0,0.0,0.0,0
5.48,-0.9475,2.5582,3.4631,0.0,0.0,3.4631,,,,,,,,,,,,0.0,0.0,0.0,0.0,0
5.5,-0.9277,2.5542,3.4861,0.0,0.0,3.4861,,,,,,,,,,,,0.0,0.0,0.0,0.0,0
5.52,-0.9277,2.5542,3.4861,0.0,0.0,3.4861,,,,,,,,,,,,0.0,0.0,0.0,0.0,0
5.54,-0.9277,2.5542,3.4861,0.0,0.0,3.4861,,,,,,,,,,,,0.0,0.0,0.0,0.0,0
5.56,-0.9277,2.5542,3.4861,0.0,0.0,3.4861,,,,,,,,,,,,0.0,0.0,0.0,0.0,0
5.58,-0.9277,2.5542,3.4861,0.0,0.0,3.4861,,,,,,,,,,,,0.0,0.0,0.0,0.0,0
5.6,-0.9191,2.5405,3.4491,0.0,0.0,3.4491,,,,,,,,,,,,0.0,0.0,0.0,0.0,0
5.62,-0.9191,2.5405,3.4491,0.0,0.0,3.4491,,,,,,,,,,,,0.0,0.0,0.0,0.0,0
5.64,-0.9191,2.5405,3.4491,0.0,0.0,3.4491,,,,,,,,,,,,0.0,0.0,0.0,0.0,0
5.66,-0.9191,2.5405,3.4491,0.0,0.0,3.4491,,,,,,,,,,,,0.0,0.0,0.0,0.0,0
5.68,-0.9191,2.5405,3.4491,0.0,0.0,3.4491,,,,,,,,,,,,0.0,0.0,0.0,0.0,0
5.7,-0.8896,2.531,3.4864,0.0,0.0,3.4864,,,,,,,,,,,,0.0,0.0,0.0,0.0,0
5.72,-0.8896,2.531,3.4864,0.0,0.0,3.4864,,,,,,,,,,,,0.0,0.0,0.0,0.0,0
5.74,-0.8896,2.531,3.4864,0.0,0.0,3.4864,,,,,,,,,,,,0.0,0.0,0.0,0.0,0
5.76,-0.8896,2.531,3.4864,0.0,0.0,3.4864,,,,,,,,,,,,0.0,0.0,0.0,0.0,0
5.78,-0.8896,2.531,3.4864,0.0,0.0,3.4864,,,,,,,,,,,,0.0,0.0,0.0,0.0,0
5.8,-0.8725,2.5092,3.4569,0.0,0.0,3.4569,,,,,,,,,,,,0.0,0.0,0.0,0.0,0
5.82,-0.8725,2.5092,3.4569,0.0,0.0,3.4569,,,,,,,,,,,,0.0,0.0,0.0,0.0,0
5.84,-0.8725,2.5092,3.4569,0.0,0.0,3.4569,,,,,,,,,,,,0.0,0.0,0.0,0.0,0
5.86,-0.8725,2.5092,3.4569,0.0,0.0,3.4569,,,,,,,,,,,,0.0,0.0,0.0,0.0,0
5.88,-0.8725,2.5092,3.4569,0.0,0.0,3.4569,,,,,,,,,,,,0.0,0.0,0.0,0.0,0
5.9,-0.8404,2.4904,3.4797,0.0,0.0,3.4797,,,,,,,,,,,,0.0,0.0,0.0,0.0,0
5.92,-0.8404,2.4904,3.4797,0.0,0.0,3.4797,,,,,,,,,,,,0.0,0.0,0.0,0.0,0
5.94,-0.8404,2.4904,3.4797,0.0,0.0,3.4797,,,,,,,,,,,,0.0,0.0,0.0,0.0,0
5.96,-0.8404,2.4904,3.4797,0.0,0.0,3.4797,,,,,,,,,,,,0.0,0.0,0.0,0.0,0
5.98,-0.8404,2.4904,3.4797,0.0,0.0,3.4797,,,,,,,,,,,,0.0,0.0,0.0,0.0,0
6.0,-0.8055,2.466,3.4483,0.0,0.0,3.4483,,,,,,,,,,,,0.0,0.0,0.0,0.0,0
6.02,-0.8055,2.466,3.4483,0.0,0.0,3.4483,,,,,,,,,,,,0.0,0.0,0.0,0.0,0
6.04,-0.8055,2.466,3.4483,0.0,0.0,3.4483,,,,,,,,,,,,0.0,0.0,0.0,0.0,0
6.06,-0.8055,2.466,3.4483,0.0,0.0,3.4483,,,,,,,,,,,,0.0,0.0,0.0,0.0,0
6.08,-0.8055,2.466,3.4483,0.0,0.0,3.4483,,,,,,,,,,,,0.0,0.0,0.0,0.0,0
6.1,-0.7641,2.4449,3.4945,0.0,0.0,3.4945,,,,,,,,,,,,0.0,0.0,0.0,0.0,0
6.12,-0.7641,2.4449,3.4945,0.0,0.0,3.4945,,,,,,,,,,,,0.0,0.0,0.0,0.0,0
6.14,-0.7641,2.4449,3.4945,0.0,0.0,3.4945,,,,,,,,,,,,0.0,0.0,0.0,0.0,0
6.16,-0.7641,2.4449,3.4945,0.0,0.0,3.4945,,,,,,,,,,,,0.0,0.0,0.0,0.0,0
6.18,-0.7641,2.4449,3.4945,0.0,0.0,3.4945,,,,,,,,,,,,0.0,0.0,0.0,0.0,0
6.2,-0.7296,2.4198,3.457,0.0,0.0,3.457,,,,,,,,,,,,0.0,0.0,0.0,0.0,0
6.22,-0.7296,2.4198,3.457,0.0,0.0,3.457,,,,,,,,,,,,0.0,0.0,0.0,0.0,0
6.24,-0.7296,2.4198,3.457,0.0,0.0,3.457,,,,,,,,,,,,0.0,0.0,0.0,0.0,0
6.26,-0.7296,2.4198,3.457,0.0,0.0,3.457,,,,,,,,,,,,0.0,0.0,0.0,0.0,0
6.28,-0.7296,2.4198,3.457,0.0,0.0,3.457,,,,,,,,,,,,0.0,0.0,0.0,0.0,0
6.3,-0.6979,2.4029,3.5048,0.0,0.0,3.5048,,,,,,,,,,,,0.0,0.0,0.0,0.0,0
6.32,-0.6979,2.4029,3.5048,0.0,0.0,3.5048,,,,,,,,,,,,0.0,0.0,0.0,0.0,0
6.34,-0.6979,2.4029,3.5048,0.0,0.0,3.5048,,,,,,,,,,,,0.0,0.0,0.0,0.0,0
6.36,-0.6979,2.4029,3.5048,0.0,0.0,3.5048,,,,,,,,,,,,0.0,0.0,0.0,0.0,0
6.38,-0.6979,2.4029,3.5048,0.0,0.0,3.5048,,,,,,,,,,,,0.0,0.0,0.0,0.0,0
6.4,-0.6708,2.3743,3.4664,0.0,0.0,3.4664,,,,,,,,,,,,0.0,0.0,0.0,0.0,0
6.42,-0.6708,2.3743,3.4664,0.0,0.0,3.4664,,,,,,,,,,,,0.0,0.0,0.0,0.0,0
6.44,-0.6708,2.3743,3.4664,0.0,0.0,3.4664,,,,,,,,,,,,0.0,0.0,0.0,0.0,0
6.46,-0.6708,2.3743,3.4664,0.0,0.0,3.4664,,,,,,,,,,,,0.0,0.0,0.0,0.0,0
6.48,-0.6708,2.3743,3.4664,0.0,0.0,3.4664,,,,,,,,,,,,0.0,0.0,0.0,0.0,0
6.5,-0.6399,2.363,3.5032,0.0,0.0,3.5032,,,,,,,,,,,,0.0,0.0,0.0,0.0,0
6.52,-0.6399,2.363,3.5032,0.0,0.0,3.5032,,,,,,,,,,,,0.0,0.0,0.0,0.0,0
6.54,-0.6399,2.363,3.5032,0.0,0.0,3.5032,,,,,,,,,,,,0.0,0.0,0.0,0.0,0
6.56,-0.6399,2.363,3.5032,0.0,0.0,3.5032,,,,,,,,,,,,0.0,0.0,0.0,0.0,0
6.58,-0.6399,2.363,3.5032,0.0,0.0,3.5032,,,,,,,,,,,,0.0,0.0,0.0,0.0,0
6.6,-0.6089,2.3491,3.4694,0.0,0.0,3.4694,,,,,,,,,,,,0.0,0.0,0.0,0.0,0
6.62,-0.6089,2.3491,3.4694,0.0,0.0,3.4694,,,,,,,,,,,,0.0,0.0,0.0,0.0,0
6.64,-0.6089,2.3491,3.4694,0.0,0.0,3.4694,,,,,,,,,,,,0.0,0.0,0.0,0.0,0
6.66,-0.6089,2.3491,3.4694,0.0,0.0,3.4694,,,,,,,,,,,,0.0,0.0,0.0,0.0,0
6.68,-0.6089,2.3491,3.4694,0.0,0.0,3.4694,,,,,,,,,,,,0.0,0.0,0.0,0.0,0
6.7,-0.5753,2.3375,3.5115,0.0,0.0,3.5115,,,,,,,,,,,,0.0,0.0,0.0,0.0,0
6.72,-0.5753,2.3375,3.5115,0.0,0.0,3.5115,,,,,,,,,,,,0.0,0.0,0.0,0.0,0
6.74,-0.5753,2.3375,3.5115,0.0,0.0,3.5115,,,,,,,,,,,,0.0,0.0,0.0,0.0,0
6.76,-0.5753,2.3375,3.5115,0.0,0.0,3.5115,,,,,,,,,,,,0.0,0.0,0.0,0.0,0
6.78,-0.5753,2.3375,3.5115,0.0,0.0,3.5115,,,,,,,,,,,,0.0,0.0,0.0,0.0,0
6.8,-0.5432,2.321,3.4864,0.0,0.0,3.4864,,,,,,,,,,,,0.0,0.0,0.0,0.0,0
6.82,-0.5432,2.321,3.4864,0.0,0.0,3.4864,,,,,,,,,,,,0.0,0.0,0.0,0.0,0
6.84,-0.5432,2.321,3.4864,0.0,0.0,3.4864,,,,,,,,,,,,0.0,0.0,0.0,0.0,0
6.86,-0.5432,2.321,3.4864,0.0,0.0,3.4864,,,,,,,,,,,,0.0,0.0,0.0,0.0,0
6.88,-0.5432,2.321,3.4864,0.0,0.0,3.4864,,,,,,,,,,,,0.0,0.0,0.0,0.0,0
6.9,-0.5185,2.3171,3.5253,0.0,0.0,3.5253,,,,,,,,,,,,0.0,0.0,0.0,0.0,0
6.92,-0.5185,2.3171,3.5253,0.0,0.0,3.5253,,,,,,,,,,,,0.0,0.0,0.0,0.0,0
6.94,-0.5185,2.3171,3.5253,0.0,0.0,3.5253,,,,,,,,,,,,0.0,0.0,0.0,0.0,0
6.96,-0.5185,2.3171,3.5253,0.0,0.0,3.5253,,,,,,,,,,,,0.0,0.0,0.0,0.0,0
6.98,-0.5185,2.3171,3.5253,0.0,0.0,3.5253,,,,,,,,,,,,0.0,0.0,0.0,0.0,0
7.0,-0.5079,2.2961,3.504,0.0,0.0,3.504,,,,,,,,,,,,0.0,0.0,0.0,0.0,0
7.02,-0.5079,2.2961,3.504,0.0,0.0,3.504,,,,,,,,,,,,0.0,0.0,0.0,0.0,0
7.04,-0.5079,2.2961,3.504,0.0,0.0,3.504,,,,,,,,,,,,0.0,0.0,0.0,0.0,0
7.06,-0.5079,2.2961,3.504,0.0,0.0,3.504,,,,,,,,,,,,0.0,0.0,0.0,0.0,0
7.08,-0.5079,2.2961,3.504,0.0,0.0,3.504,,,,,,,,,,,,0.0,0.0,0.0,0.0,0
7.1,-0.4989,2.2841,3.5267,0.0,0.0,3.5267,,,,,,,,,,,,0.0,0.0,0.0,0.0,0
7.12,-0.4989,2.2841,3.5267,0.0,0.0,3.5267,,,,,,,,,,,,0.0,0.0,0.0,0.0,0
7.14,-0.4989,2.2841,3.5267,0.0,0.0,3.5267,,,,,,,,,,,,0.0,0.0,0.0,0.0,0
7.16,-0.4989,2.2841,3.5267,0.0,0.0,3.5267,,,,,,,,,,,,0.0,0.0,0.0,0.0,0
7.18,-0.4989,2.2841,3.5267,0.0,0.0,3.5267,,,,,,,,,,,,0.0,0.0,0.0,0.0,0
7.2,-0.4949,2.2733,3.5169,0.0,0.0,3.5169,,,,,,,,,,,,0.0,0.0,0.0,0.0,0
7.22,-0.4949,2.2733,3.5169,0.0,0.0,3.5169,,,,,,,,,,,,0.0,0.0,0.0,0.0,0
7.24,-0.4949,2.2733,3.5169,0.0,0.0,3.5169,,,,,,,,,,,,0.0,0.0,0.0,0.0,0
7.26,-0.4949,2.2733,3.5169,0.0,0.0,3.5169,,,,,,,,,,,,0.0,0.0,0.0,0.0,0
7.28,-0.4949,2.2733,3.5169,0.0,0.0,3.5169,,,,,,,,,,,,0.0,0.0,0.0,0.0,0
7.3,-0.4933,2.2682,3.5227,0.0,0.0,3.5227,,,,,,,,,,,,0.0,0.0,0.0,0.0,0
7.32,-0.4933,2.2682,3.5227,0.0,0.0,3.5227,,,,,,,,,,,,0.0,0.0,0.0,0.0,0
7.34,-0.4933,2.2682,3.5227,0.0,0.0,3.5227,,,,,,,,,,,,0.0,0.0,0.0,0.0,0
7.36,-0.4933,2.2682,3.5227,0.0,0.0,3.5227,,,,,,,,,,,,0.0,0.0,0.0,0.0,0
7.38,-0.4933,2.2682,3.5227,0.0,0.0,3.5227,,,,,,,,,,,,0.0,0.0,0.0,0.0,0
7.4,-0.4874,2.2623,3.5286,0.0,0.0,3.5286,,,,,,,,,,,,0.0,0.0,0.0,0.0,0
7.42,-0.4874,2.2623,3.5286,0.0,0.0,3.5286,,,,,,,,,,,,0.0,0.0,0.0,0.0,0
7.44,-0.4874,2.2623,3.5286,0.0,0.0,3.5286,,,,,,,,,,,,0.0,0.0,0.0,0.0,0
7.46,-0.4874,2.2623,3.5286,0.0,0.0,3.5286,,,,,,,,,,,,0.0,0.0,0.0,0.0,0
7.48,-0.4874,2.2623,3.5286,0.0,0.0,3.5286,,,,,,,,,,,,0.0,0.0,0.0,0.0,0
7.5,-0.4854,2.263,3.5211,0.0,0.0,3.5211,,,,,,,,,,,,0.0,0.0,0.0,0.0,0
7.52,-0.4854,2.263,3.5211,0.0,0.0,3.5211,,,,,,,,,,,,0.0,0.0,0.0,0.0,0
7.54,-0.4854,2.263,3.5211,0.0,0.0,3.5211,,,,,,,,,,,,0.0,0.0,0.0,0.0,0
7.56,-0.4854,2.263,3.5211,0.0,0.0,3.5211,,,,,,,,,,,,0.0,0.0,0.0,0.0,0
7.58,-0.4854,2.263,3.5211,0.0,0.0,3.5211,,,,,,,,,,,,0.0,0.0,0.0,0.0,0
7.6,-0.4843,2.2679,3.5383,0.0,0.0,3.5383,,,,,,,,,,,,0.0,0.0,0.0,0.0,0
7.62,-0.4843,2.2679,3.5383,0.0,0.0,3.5383,,,,,,,,,,,,0.0,0.0,0.0,0.0,0
7.64,-0.4843,2.2679,3.5383,0.0,0.0,3.5383,,,,,,,,,,,,0.0,0.0,0.0,0.0,0
7.66,-0.4843,2.2679,3.5383,0.0,0.0,3.5383,,,,,,,,,,,,0.0,0.0,0.0,0.0,0
7.68,-0.4843,2.2679,3.5383,0.0,0.0,3.5383,,,,,,,,,,,,0.0,0.0,0.0,0.0,0
7.7,-0.4867,2.2664,3.5216,0.0,0.0,3.5216,,,,,,,,,,,,0.0,0.0,0.0,0.0,0
7.72,-0.4867,2.2664,3.5216,0.0,0.0,3.5216,,,,,,,,,,,,0.0,0.0,0.0,0.0,0
7.74,-0.4867,2.2664,3.5216,0.0,0.0,3.5216,,,,,,,,,,,,0.0,0.0,0.0,0.0,0
7.76,-0.4867,2.2664,3.5216,0.0,0.0,3.5216,,,,,,,,,,,,0.0,0.0,0.0,0.0,0
7.78,-0.4867,2.2664,3.5216,0.0,0.0,3.5216,,,,,,,,,,,,0.0,0.0,0.0,0.0,0
7.8,-0.4912,2.2703,3.5477,0.0,0.0,3.5477,,,,,,,,,,,,0.0,0.0,0.0,0.0,0
7.82,-0.4912,2.2703,3.5477,0.0,0.0,3.5477,,,,,,,,,,,,0.0,0.0,0.0,0.0,0
7.84,-0.4912,2.2703,3.5477,0.0,0.0,3.5477,,,,,,,,,,,,0.0,0.0,0.0,0.0,0
7.86,-0.4912,2.2703,3.5477,0.0,0.0,3.5477,,,,,,,,,,,,0.0,0.0,0.0,0.0,0
7.88,-0.4912,2.2703,3.5477,0.0,0.0,3.5477,,,,,,,,,,,,0.0,0.0,0.0,0.0,0
7.9,-0.5028,2.2727,3.5258,0.0,0.0,3.5258,,,,,,,,,,,,0.0,0.0,0.0,0.0,0
7.92,-0.5028,2.2727,3.5258,0.0,0.0,3.5258,,,,,,,,,,,,0.0,0.0,0.0,0.0,0
7.94,-0.5028,2.2727,3.5258,0.0,0.0,3.5258,,,,,,,,,,,,0.0,0.0,0.0,0.0,0
7.96,-0.5028,2.2727,3.5258,0.0,0.0,3.5258,,,,,,,,,,,,0.0,0.0,0.0,0.0,0
7.98,-0.5028,2.2727,3.5258,0.0,0.0,3.5258,,,,,,,,,,,,0.0,0.0,0.0,0.0,0
8.0,-0.5118,2.2781,3.5439,0.0,0.0,3.5439,,,,,,,,,,,,0.0,0.0,0.0,0.0,0
8.02,-0.5118,2.2781,3.5439,0.0,0.0,3.5439,,,,,,,,,,,,0.0,0.0,0.0,0.0,0
8.04,-0.5118,2.2781,3.5439,0.0,0.0,3.5439,,,,,,,,,,,,0.0,0.0,0.0,0.0,0
8.06,-0.5118,2.2781,3.5439,0.0,0.0,3.5439,,,,,,,,,,,,0.0,0.0,0.0,0.0,0
8.08,-0.5118,2.2781,3.5439,0.0,0.0,3.5439,,,,,,,,,,,,0.0,0.0,0.0,0.0,0
8.1,-0.5197,2.282,3.5332,0.0,0.0,3.5332,,,,,,,,,,,,0.0,0.0,0.0,0.0,0
8.12,-0.5197,2.282,3.5332,0.0,0.0,3.5332,,,,,,,,,,,,0.0,0.0,0.0,0.0,0
8.14,-0.5197,2.282,3.5332,0.0,0.0,3.5332,,,,,,,,,,,,0.0,0.0,0.0,0.0,0
8.16,-0.5197,2.282,3.5332,0.0,0.0,3.5332,,,,,,,,,,,,0.0,0.0,0.0,0.0,0
8.18,-0.5197,2.282,3.5332,0.0,0.0,3.5332,,,,,,,,,,,,0.0,0.0,0.0,0.0,0
8.2,-0.5294,2.2971,3.5537,0.0,0.0,3.5537,,,,,,,,,,,,0.0,0.0,0.0,0.0,0
8.22,-0.5294,2.2971,3.5537,0.0,0.0,3.5537,,,,,,,,,,,,0.0,0.0,0.0,0.0,0
8.24,-0.5294,2.2971,3.5537,0.0,0.0,3.5537,,,,,,,,,,,,0.0,0.0,0.0,0.0,0
8.26,-0.5294,2.2971,3.5537,0.0,0.0,3.5537,,,,,,,,,,,,0.0,0.0,0.0,0.0,0
8.28,-0.5294,2.2971,3.5537,0.0,0.0,3.5537,,,,,,,,,,,,0.0,0.0,0.0,0.0,0
8.3,-0.5354,2.3013,3.5355,0.0,0.0,3.5355,,,,,,,,,,,,0.0,0.0,0.0,0.0,0
8.32,-0.5354,2.3013,3.5355,0.0,0.0,3.5355,,,,,,,,,,,,0.0,0.0,0.0,0.0,0
8.34,-0.5354,2.3013,3.5355,0.0,0.0,3.5355,,,,,,,,,,,,0.0,0.0,0.0,0.0,0
8.36,-0.5354,2.3013,3.5355,0.0,0.0,3.5355,,,,,,,,,,,,0.0,0.0,0.0,0.0,0
8.38,-0.5354,2.3013,3.5355,0.0,0.0,3.5355,,,,,,,,,,,,0.0,0.0,0.0,0.0,0
8.4,-0.5443,2.3043,3.5632,0.0,0.0,3.5632,,,,,,,,,,,,0.0,0.0,0.0,0.0,0
8.42,-0.5443,2.3043,3.5632,0.0,0.0,3.5632,,,,,,,,,,,,0.0,0.0,0.0,0.0,0
8.44,-0.5443,2.3043,3.5632,0.0,0.0,3.5632,,,,,,,,,,,,0.0,0.0,0.0,0.0,0
8.46,-0.5443,2.3043,3.5632,0.0,0.0,3.5632,,,,,,,,,,,,0.0,0.0,0.0,0.0,0
8.48,-0.5443,2.3043,3.5632,0.0,0.0,3.5632,,,,,,,,,,,,0.0,0.0,0.0,0.0,0
8.5,-0.5562,2.3085,3.545,0.0,0.0,3.545,,,,,,,,,,,,0.0,0.0,0.0,0.0,0
8.52,-0.5562,2.3085,3.545,0.0,0.0,3.545,,,,,,,,,,,,0.0,0.0,0.0,0.0,0
8.54,-0.5562,2.3085,3.545,0.0,0.0,3.545,,,,,,,,,,,,0.0,0.0,0.0,0.0,0
8.56,-0.5562,2.3085,3.545,0.0,0.0,3.545,,,,,,,,,,,,0.0,0.0,0.0,0.0,0
8.58,-0.5562,2.3085,3.545,0.0,0.0,3.545,,,,,,,,,,,,0.0,0.0,0.0,0.0,0
8.6,-0.5659,2.3143,3.5686,0.0,0.0,3.5686,,,,,,,,,,,,0.0,0.0,0.0,0.0,0
8.62,-0.5659,2.3143,3.5686,0.0,0.0,3.5686,,,,,,,,,,,,0.0,0.0,0.0,0.0,0
8.64,-0.5659,2.3143,3.5686,0.0,0.0,3.5686,,,,,,,,,,,,0.0,0.0,0.0,0.0,0
8.66,-0.5659,2.3143,3.5686,0.0,0.0,3.5686,,,,,,,,,,,,0.0,0.0,0.0,0.0,0
8.68,-0.5659,2.3143,3.5686,0.0,0.0,3.5686,,,,,,,,,,,,0.0,0.0,0.0,0.0,0
8.7,-0.5793,2.318,3.5522,0.0,0.0,3.5522,,,,,,,,,,,,0.0,0.0,0.0,0.0,0
8.72,-0.5793,2.318,3.5522,0.0,0.0,3.5522,,,,,,,,,,,,0.0,0.0,0.0,0.0,0
8.74,-0.5793,2.318,3.5522,0.0,0.0,3.5522,,,,,,,,,,,,0.0,0.0,0.0,0.0,0
8.76,-0.5793,2.318,3.5522,0.0,0.0,3.5522,,,,,,,,,,,,0.0,0.0,0.0,0.0,0
8.78,-0.5793,2.318,3.5522,0.0,0.0,3.5522,,,,,,,,,,,,0.0,0.0,0.0,0.0,0
8.8,-0.5882,2.3246,3.5605,0.0,0.0,3.5605,,,,,,,,,,,,0.0,0.0,0.0,0.0,0
8.82,-0.5882,2.3246,3.5605,0.0,0.0,3.5605,,,,,,,,,,,,0.0,0.0,0.0,0.0,0
8.84,-0.5882,2.3246,3.5605,0.0,0.0,3.5605,,,,,,,,,,,,0.0,0.0,0.0,0.0,0
8.86,-0.5882,2.3246,3.5605,0.0,0.0,3.5605,,,,,,,,,,,,0.0,0.0,0.0,0.0,0
8.88,-0.5882,2.3246,3.5605,0.0,0.0,3.5605,,,,,,,,,,,,0.0,0.0,0.0,0.0,0
8.9,-0.5982,2.328,3.5482,0.0,0.0,3.5482,,,,,,,,,,,,0.0,0.0,0.0,0.0,0
8.92,-0.5982,2.328,3.5482,0.0,0.0,3.5482,,,,,,,,,,,,0.0,0.0,0.0,0.0,0
8.94,-0.5982,2.328,3.5482,0.0,0.0,3.5482,,,,,,,,,,,,0.0,0.0,0.0,0.0,0
8.96,-0.5982,2.328,3.5482,0.0,0.0,3.5482,,,,,,,,,,,,0.0,0.0,0.0,0.0,0
8.98,-0.5982,2.328,3.5482,0.0,0.0,3.5482,,,,,,,,,,,,0.0,0.0,0.0,0.0,0
9.0,-0.6058,2.3343,3.5686,0.0,0.0,3.5686,,,,,,,,,,,,0.0,0.0,0.0,0.0,0
9.02,-0.6058,2.3343,3.5686,0.0,0.0,3.5686,,,,,,,,,,,,0.0,0.0,0.0,0.0,0
9.04,-0.6058,2.3343,3.5686,0.0,0.0,3.5686,,,,,,,,,,,,0.0,0.0,0.0,0.0,0
9.06,-0.6058,2.3343,3.5686,0.0,0.0,3.5686,,,,,,,,,,,,0.0,0.0,0.0,0.0,0
9.08,-0.6058,2.3343,3.5686,0.0,0.0,3.5686,,,,,,,,,,,,0.0,0.0,0.0,0.0,0
9.1,-0.6123,2.3395,3.5361,0.0,0.0,3.5361,,,,,,,,,,,,0.0,0.0,0.0,0.0,0
9.12,-0.6123,2.3395,3.5361,0.0,0.0,3.5361,,,,,,,,,,,,0.0,0.0,0.0,0.0,0
9.14,-0.6123,2.3395,3.5361,0.0,0.0,3.5361,,,,,,,,,,,,0.0,0.0,0.0,0.0,0
9.16,-0.6123,2.3395,3.5361,0.0,0.0,3.5361,,,,,,,,,,,,0.0,0.0,0.0,0.0,0
9.18,-0.6123,2.3395,3.5361,0.0,0.0,3.5361,,,,,,,,,,,,0.0,0.0,0.0,0.0,0
9.2,-0.621,2.3511,3.5669,0.0,0.0,3.5669,,,,,,,,,,,,0.0,0.0,0.0,0.0,0
9.22,-0.621,2.3511,3.5669,0.0,0.0,3.5669,,,,,,,,,,,,0.0,0.0,0.0,0.0,0
9.24,-0.621,2.3511,3.5669,0.0,0.0,3.5669,,,,,,,,,,,,0.0,0.0,0.0,0.0,0
9.26,-0.621,2.3511,3.5669,0.0,0.0,3.5669,,,,,,,,,,,,0.0,0.0,0.0,0.0,0
9.28,-0.621,2.3511,3.5669,0.0,0.0,3.5669,,,,,,,,,,,,0.0,0.0,0.0,0.0,0
9.3,-0.6294,2.3503,3.5371,0.0,0.0,3.5371,,,,,,,,,,,,0.0,0.0,0.0,0.0,0
9.32,-0.6294,2.3503,3.5371,0.0,0.0,3.5371,,,,,,,,,,,,0.0,0.0,0.0,0.0,0
9.34,-0.6294,2.3503,3.5371,0.0,0.0,3.5371,,,,,,,,,,,,0.0,0.0,0.0,0.0,0
9.36,-0.6294,2.3503,3.5371,0.0,0.0,3.5371,,,,,,,,,,,,0.0,0.0,0.0,0.0,0
9.38,-0.6294,2.3503,3.5371,0.0,0.0,3.5371,,,,,,,,,,,,0.0,0.0,0.0,0.0,0
9.4,-0.6359,2.3586,3.5659,0.0,0.0,3.5659,,,,,,,,,,,,0.0,0.0,0.0,0.0,0
9.42,-0.6359,2.3586,3.5659,0.0,0.0,3.5659,,,,,,,,,,,,0.0,0.0,0.0,0.0,0
9.44,-0.6359,2.3586,3.5659,0.0,0.0,3.5659,,,,,,,,,,,,0.0,0.0,0.0,0.0,0
9.46,-0.6359,2.3586,3.5659,0.0,0.0,3.5659,,,,,,,,,,,,0.0,0.0,0.0,0.0,0
9.48,-0.6359,2.3586,3.5659,0.0,0.0,3.5659,,,,,,,,,,,,0.0,0.0,0.0,0.0,0
9.5,-0.6534,2.3517,3.5237,0.0,0.0,3.5237,,,,,,,,,,,,0.0,0.0,0.0,0.0,0
9.52,-0.6534,2.3517,3.5237,0.0,0.0,3.5237,,,,,,,,,,,,0.0,0.0,0.0,0.0,0
9.54,-0.6534,2.3517,3.5237,0.0,0.0,3.5237,,,,,,,,,,,,0.0,0.0,0.0,0.0,0
9.56,-0.6534,2.3517,3.5237,0.0,0.0,3.5237,,,,,,,,,,,,0.0,0.0,0.0,0.0,0
9.58,-0.6534,2.3517,3.5237,0.0,0.0,3.5237,,,,,,,,,,,,0.0,0.0,0.0,0.0,0
9.6,-0.5736,2.3995,3.2923,0.0,0.0,3.2923,,,,,,,,,,,,0.0,0.0,0.0,0.0,0
9.62,-0.5736,2.3995,3.2923,0.0,0.0,3.2923,,,,,,,,,,,,0.0,0.0,0.0,0.0,0
9.64,-0.5736,2.3995,3.2923,0.0,0.0,3.2923,,,,,,,,,,,,0.0,0.0,0.0,0.0,0
9.66,-0.5736,2.3995,3.2923,0.0,0.0,3.2923,,,,,,,,,,,,0.0,0.0,0.0,0.0,0
9.68,-0.5736,2.3995,3.2923,0.0,0.0,3.2923,,,,,,,,,,,,0.0,0.0,0.0,0.0,0
9.7,-0.6272,2.6604,4.4019,0.0,0.0,4.4019,,,,,,,,,,,,0.0,0.0,0.0,0.0,0
9.72,-0.6272,2.6604,4.4019,0.0,0.0,4.4019,,,,,,,,,,,,0.0,0.0,0.0,0.0,0
9.74,-0.6272,2.6604,4.4019,0.0,0.0,4.4019,,,,,,,,,,,,0.0,0.0,0.0,0.0,0
9.76,-0.6272,2.6604,4.4019,0.0,0.0,4.4019,,,,,,,,,,,,0.0,0.0,0.0,0.0,0
9.78,-0.6272,2.6604,4.4019,0.0,0.0,4.4019,,,,,,,,,,,,0.0,0.0,0.0,0.0,0
9.8,-0.751,2.6295,3.9648,0.0,0.0,3.9648,,,,,,,,,,,,0.0,0.0,0.0,0.0,0
